/*
 * Tên phần mềm: MODULE TIN TỨC FOR JOOMLA
 * Copyright (C) 2025 [HOAIDUY]
 *
 * This program is free software: you can redistribute it and/or modify
 * it under the terms of the GNU General Public License as published by
 * the Free Software Foundation, either version 3 of the License, or
 * (at your option) any later version.
 *
 * This program is distributed in the hope that it will be useful,
 * but WITHOUT ANY WARRANTY; without even the implied warranty of
 * MERCHANTABILITY or FITNESS FOR A PARTICULAR PURPOSE.  See the
 * GNU General Public License for more details.
 *
 * You should have received a copy of the GNU General Public License
 * along with this program.  If not, see <https://www.gnu.org/licenses/>.
 *//*
 * Tên phần mềm: MODULE TIN TỨC FOR JOOMLA
 * Copyright (C) 2025 [HOAIDUY]
 *
 * This program is free software: you can redistribute it and/or modify
 * it under the terms of the GNU General Public License as published by
 * the Free Software Foundation, either version 3 of the License, or
 * (at your option) any later version.
 *
 * This program is distributed in the hope that it will be useful,
 * but WITHOUT ANY WARRANTY; without even the implied warranty of
 * MERCHANTABILITY or FITNESS FOR A PARTICULAR PURPOSE.  See the
 * GNU General Public License for more details.
 *
 * You should have received a copy of the GNU General Public License
 * along with this program.  If not, see <https://www.gnu.org/licenses/>.
 */
<?xml version="1.0" encoding="utf-8"?>
<extension type="module" version="4.0" client="site" method="upgrade">
  <name>mod_newsflash</name>
  <author>YourName</author>
  <version>1.0.0</version>
  <description>Module hiển thị tin tức có ảnh và hiệu ứng</description>
  <files>
    <filename module="mod_newsflash">mod_newsflash.php</filename>
    <filename>helper.php</filename>
    <folder>tmpl</folder>
  </files>
  <config>
    <fields name="params">
      <fieldset name="basic">
        <field name="feed_url" type="text" label="URL RSS" required="true" />
        <field name="count" type="number" label="Số tin hiển thị" default="5" />
        <field name="effect" type="list" label="Hiệu ứng" default="fade">
          <option value="fade">Fade</option>
          <option value="slide">Slide</option>
          <option value="marquee">Marquee</option>
        </field>
      </fieldset>
    </fields>
  </config>
</extension>
